{
  "bleu_scores": [
    0.0,
    0.0,
    0.0,
    0.0,
    15.97357760615681,
    0.0,
    15.97357760615681,
    0.0,
    0.0,
    15.97357760615681,
    0.0,
    0.0,
    0.0,
    35.35533905932737,
    0.0,
    0.0,
    0.0,
    0.0,
    59.460355750136046,
    0.0,
    7.809849842300641,
    42.7287006396234,
    75.98356856515926,
    8.116697886877475,
    100.00000000000004,
    0.0,
    17.965205598154213,
    12.70331870386537,
    31.947155212313625,
    12.70331870386537,
    21.3643503198117,
    30.213753973567677,
    100.00000000000004,
    14.058533129758727,
    39.76353643835254,
    37.99178428257963,
    9.652434877402245,
    15.619699684601283,
    24.880469496253564,
    21.3643503198117,
    3.5275023606301383,
    4.955725306405571,
    7.807646168419154,
    5.854497694024015,
    5.971932565563823,
    6.434818657591886,
    5.862502026550899,
    14.834636222628122,
    5.862502026550899,
    0.0,
    3.5275023606301383,
    3.9297526283216277,
    2.5275658895144484,
    11.967409389919146,
    8.334993561312418,
    3.667862829704212,
    3.708659055657029,
    16.51116138719648,
    30.09644126717159,
    3.005799339448764
  ],
  "avg_gen_len": 4.25,
  "avg_bleu_scores": 15.266534433991213
}